<?xml version="1.0" encoding="UTF-8"?>
<project-private xmlns="http://www.netbeans.org/ns/project-private/1">
    <editor-bookmarks xmlns="http://www.netbeans.org/ns/editor-bookmarks/2" lastBookmarkId="0"/>
    <open-files xmlns="http://www.netbeans.org/ns/projectui-open-files/2">
        <group>
            <file>file:/C:/Users/VIVAL/Documents/NetBeansProjects/logic/src/logic/Logic.java</file>
            <file>file:/C:/Users/VIVAL/Documents/NetBeansProjects/logic/src/logic/TruthTable.java</file>
            <file>file:/C:/Users/VIVAL/Documents/NetBeansProjects/logic/src/logic/TFArrays.java</file>
            <file>file:/C:/Users/VIVAL/Documents/NetBeansProjects/logic/predicate.txt</file>
        </group>
    </open-files>
</project-private>
